{
    "total_tokens_processed": 1295461,
    "total_time_taken_sec": 9956.989028892945,
    "throughput_tokens_per_sec": 130.10569723847874,
    "average_time_per_token_ms": 7.6860584987837886,
    "total_compute_time_sec": 9956.989028892945,
    "num_gpus": 1,
    "average_peak_memory_GB": 34.32159900665283,
    "batch_size": 16,
    "beam_size": 5,
    "model": "haoranxu/ALMA-7B",
    "dtype": "float16"
}