{
    "total_tokens_processed": 2441916,
    "total_time_taken_sec": 19584.45711011323,
    "throughput_tokens_per_sec": 124.68642792957571,
    "average_time_per_token_ms": 8.02011908276666,
    "total_compute_time_sec": 19584.45711011323,
    "num_gpus": 1,
    "average_peak_memory_GB": 33.56637763977051,
    "batch_size": 16,
    "beam_size": 5,
    "model": "haoranxu/ALMA-7B",
    "dtype": "float16"
}