{
    "total_tokens_processed": 947599,
    "total_time_taken_sec": 7700.443656549323,
    "throughput_tokens_per_sec": 123.0577148881617,
    "average_time_per_token_ms": 8.12626823851579,
    "total_compute_time_sec": 7700.443656549323,
    "num_gpus": 1,
    "average_peak_memory_GB": 24.852248191833496,
    "batch_size": 8,
    "beam_size": 5,
    "model": "haoranxu/ALMA-7B",
    "dtype": "float16"
}