{
    "total_tokens_processed": 1379882,
    "total_time_taken_sec": 18740.20170503948,
    "throughput_tokens_per_sec": 73.63218505961609,
    "average_time_per_token_ms": 13.581017583416175,
    "total_compute_time_sec": 18740.20170503948,
    "num_gpus": 1,
    "average_peak_memory_GB": 25.593153953552246,
    "batch_size": 16,
    "beam_size": 5,
    "model": "haoranxu/ALMA-7B",
    "dtype": "float16"
}